"NUM_EXPEDIENTE","ALUMNO_ID","TITULACION_CODIGO","ACTIVO","NOTA_MEDIA_PROVISIONAL","NUM_ARCHIVO"
104100647,656,1041,"SI",5,77,306000647
104200648,657,1042,"SI",8,38,306000648
104100649,658,1041,"SI",5,1,306000649
104100650,659,1041,"SI",0,306000650
104300651,660,1043,"SI",5,1,306000651
104200652,661,1042,"SI",6,71,306000652
104300653,662,1043,"SI",6,28,306000653
104200654,663,1042,"SI",7,37,306000654
104200655,664,1042,"SI",8,16,306000655
104100656,665,1041,"SI",6,99,306000656
105600657,666,1056,"SI",6,37,306000657
105600658,667,1056,"SI",6,18,306000658
104200659,668,1042,"SI",6,93,306000659
104100660,669,1041,"SI",8,09,306000660
104200661,670,1042,"SI",5,2,306000661
104100662,671,1041,"SI",5,73,306000662
104100663,672,1041,"SI",6,44,306000663
104100664,673,1041,"SI",6,69,306000664
104200665,674,1042,"SI",6,45,306000665
105600666,675,1056,"SI",7,2,306000666
104300667,676,1043,"SI",7,28,306000667
104200668,677,1042,"SI",7,4,306000668
104300669,678,1043,"SI",6,73,306000669
104100670,679,1041,"SI",6,81,306000670
104100671,680,1041,"SI",8,49,306000671
104100672,681,1041,"SI",6,48,306000672
104200673,682,1042,"SI",8,47,306000673
104200674,683,1042,"SI",0,306000674
104100675,684,1041,"SI",7,48,306000675
105600676,685,1056,"SI",6,52,306000676
104200677,686,1042,"SI",6,22,306000677
104300678,687,1043,"SI",5,81,306000678
104200679,688,1042,"SI",6,42,306000679
104100680,689,1041,"SI",6,38,306000680
105600681,690,1056,"SI",6,45,306000681
105600682,691,1056,"SI",6,4,306000682
104200683,692,1042,"SI",6,306000683
104200684,693,1042,"SI",6,32,306000684
104100685,694,1041,"SI",6,4,306000685
104200686,695,1042,"SI",6,91,306000686
104300687,696,1043,"SI",5,78,306000687
104200688,697,1042,"SI",6,22,306000688
104100689,698,1041,"SI",7,35,306000689
104200690,699,1042,"SI",7,09,306000690
104100691,700,1041,"SI",7,17,306000691
104100692,701,1041,"SI",6,74,306000692
104100693,702,1041,"SI",6,61,306000693
104100694,703,1041,"SI",6,61,306000694
104300695,704,1043,"SI",6,11,306000695
104100696,705,1041,"SI",7,22,306000696
104100697,706,1041,"SI",6,49,306000697
104100698,707,1041,"SI",8,32,306000698
104200699,708,1042,"SI",7,1,306000699
104100700,709,1041,"SI",8,48,306000700
104100701,710,1041,"SI",5,87,306000701
104100702,711,1041,"SI",6,1,306000702
104100703,712,1041,"SI",7,04,306000703
105600704,713,1056,"SI",8,306000704
105600705,714,1056,"SI",0,306000705
104100706,715,1041,"SI",7,51,306000706
104300707,716,1043,"SI",0,306000707
104100708,717,1041,"SI",7,19,306000708
105600709,718,1056,"SI",6,47,306000709
105600710,719,1056,"SI",8,19,306000710
104100711,720,1041,"SI",6,05,306000711
104200712,721,1042,"SI",5,98,306000712
104100713,722,1041,"SI",7,65,306000713
104100714,723,1041,"SI",6,73,306000714
104100715,724,1041,"SI",6,14,306000715
105600716,725,1056,"SI",0,306000716
104200717,726,1042,"SI",6,65,306000717
104100718,727,1041,"SI",6,86,306000718
104100719,728,1041,"SI",6,95,306000719
104300720,729,1043,"SI",6,306000720
104100721,730,1041,"SI",6,18,306000721
105600722,731,1056,"SI",7,23,306000722
105600723,732,1056,"SI",6,32,306000723
104200724,733,1042,"SI",5,7,306000724
105600725,734,1056,"SI",6,51,306000725
104100726,735,1041,"SI",7,08,306000726
104200727,736,1042,"SI",6,31,306000727
104200728,737,1042,"SI",7,27,306000728
104300729,738,1043,"SI",7,1,306000729
104200730,739,1042,"SI",7,37,306000730
104100731,740,1041,"SI",9,24,306000731
104100732,741,1041,"SI",0,306000732
104100733,742,1041,"SI",6,99,306000733
104200734,743,1042,"SI",8,3,306000734
104200735,744,1042,"SI",6,46,306000735
104100736,745,1041,"SI",6,49,306000736
104200737,746,1042,"SI",7,32,306000737
104300738,747,1043,"SI",0,306000738
104100739,748,1041,"SI",5,45,306000739
104200740,749,1042,"SI",7,17,306000740
105600741,750,1056,"SI",0,306000741
104200742,751,1042,"SI",7,7,306000742
104100743,752,1041,"SI",7,52,306000743
104100744,753,1041,"SI",6,38,306000744
104200745,754,1042,"SI",6,31,306000745
105600746,755,1056,"SI",6,25,306000746
104300747,756,1043,"SI",7,12,306000747
104100748,757,1041,"SI",6,28,306000748
104200749,758,1042,"SI",7,91,306000749
104200750,759,1042,"SI",8,29,306000750
105600751,760,1056,"SI",6,13,306000751
104200752,761,1042,"SI",0,306000752
104100753,762,1041,"SI",6,2,306000753
105600754,763,1056,"SI",0,306000754
104100755,764,1041,"SI",5,43,306000755
104100756,765,1041,"SI",6,42,306000756
104200757,766,1042,"SI",6,49,306000757
104200758,767,1042,"SI",6,65,306000758
104300759,768,1043,"SI",6,69,306000759
104300760,769,1043,"SI",6,82,306000760
104100761,770,1041,"SI",6,28,306000761
104200762,771,1042,"SI",6,58,306000762
104100763,772,1041,"SI",6,74,306000763
104100764,773,1041,"SI",7,11,306000764
107300765,774,1073,"SI",8,25,306000765
104100766,775,1041,"SI",0,306000766
104300767,776,1043,"SI",6,14,306000767
104100768,777,1041,"SI",6,52,306000768
104100769,778,1041,"SI",6,9,306000769
104100770,779,1041,"SI",6,28,306000770
104100771,780,1041,"SI",7,98,306000771
104100772,781,1041,"SI",5,75,306000772
104200773,782,1042,"SI",7,2,306000773
105600774,783,1056,"SI",5,62,306000774
104200775,784,1042,"SI",6,52,306000775
104100776,785,1041,"SI",6,77,306000776
104200777,786,1042,"SI",6,18,306000777
104100778,787,1041,"SI",6,61,306000778
104200779,788,1042,"SI",8,52,306000779
104200780,789,1042,"SI",6,92,306000780
104100781,790,1041,"SI",9,26,306000781
104300782,791,1043,"SI",5,95,306000782
104200783,792,1042,"SI",7,38,306000783
105600784,793,1056,"SI",6,97,306000784
104100785,794,1041,"SI",7,38,306000785
104200786,795,1042,"SI",7,14,306000786
104300787,796,1043,"SI",5,306000787
104300788,797,1043,"SI",5,306000788
105600789,798,1056,"SI",6,76,306000789
104100790,799,1041,"SI",6,84,306000790
104200791,800,1042,"SI",8,42,306000791
104200792,801,1042,"SI",5,52,306000792
104100793,802,1041,"SI",8,45,306000793
105600794,803,1056,"SI",7,15,306000794
104100795,804,1041,"SI",6,69,306000795
104100796,805,1041,"SI",6,75,306000796
107300797,806,1073,"SI",8,09,306000797
104100798,807,1041,"SI",7,17,306000798
104200799,808,1042,"SI",6,18,306000799
105600800,809,1056,"SI",6,11,306000800
104300801,810,1043,"SI",7,306000801
104100802,811,1041,"SI",6,71,306000802
104100803,812,1041,"SI",7,43,306000803
104300804,813,1043,"SI",7,06,306000804
105600805,814,1056,"SI",5,89,306000805
105600806,815,1056,"SI",6,73,306000806
104100807,816,1041,"SI",6,9,306000807
104200808,817,1042,"SI",6,52,306000808
104100809,818,1041,"SI",6,55,306000809
105600810,819,1056,"SI",0,306000810
105600811,820,1056,"SI",6,07,306000811
104200812,821,1042,"SI",6,16,306000812
104100813,822,1041,"SI",5,88,306000813
104100814,823,1041,"SI",6,29,306000814
104100815,824,1041,"SI",0,306000815
104100816,825,1041,"SI",6,43,306000816
104100817,826,1041,"SI",6,3,306000817
104100818,827,1041,"SI",5,61,306000818
105600819,828,1056,"SI",5,306000819
105600820,829,1056,"SI",6,3,306000820
104100821,830,1041,"SI",6,81,306000821
104200822,831,1042,"SI",7,19,306000822
104200823,832,1042,"SI",6,88,306000823
104100824,833,1041,"SI",6,05,306000824
105600825,834,1056,"SI",5,73,306000825
104100826,835,1041,"SI",7,35,306000826
105600827,836,1056,"SI",5,3,306000827
104300828,837,1043,"SI",6,58,306000828
104100829,838,1041,"SI",6,34,306000829
104100830,839,1041,"SI",7,26,306000830
104100831,840,1041,"SI",7,56,306000831
104100832,841,1041,"SI",6,6,306000832
104100833,842,1041,"SI",6,306000833
104300834,843,1043,"SI",6,6,306000834
104100835,844,1041,"SI",5,96,306000835
104200836,845,1042,"SI",6,23,306000836
104100837,846,1041,"SI",5,77,306000837
104300838,847,1043,"SI",0,306000838
104300839,848,1043,"SI",6,1,306000839
104100840,849,1041,"SI",0,306000840
104300841,850,1043,"SI",5,6,306000841
104100842,851,1041,"SI",6,88,306000842
104100843,852,1041,"SI",7,26,306000843
104100844,853,1041,"SI",6,18,306000844
104300845,854,1043,"SI",6,17,306000845
104100846,855,1041,"SI",5,99,306000846
104300847,856,1043,"SI",5,9,306000847
104100848,857,1041,"SI",6,64,306000848
104200849,858,1042,"SI",0,306000849
104100850,859,1041,"SI",6,39,306000850
104100851,860,1041,"SI",0,306000851
104100852,861,1041,"SI",7,07,306000852
104200853,862,1042,"SI",6,24,306000853
105600854,863,1056,"SI",6,41,306000854
104200855,864,1042,"SI",7,02,306000855
104100856,865,1041,"SI",5,97,306000856
104100857,866,1041,"SI",0,306000857
104300858,867,1043,"SI",6,28,306000858
104100859,868,1041,"SI",7,04,306000859
104100860,869,1041,"SI",6,87,306000860
105600861,870,1056,"SI",6,65,306000861
104200001,10,1042,"SI",6,32,306000001
104100002,11,1041,"SI",6,28,306000002
105600003,12,1056,"SI",6,47,306000003
104200004,13,1042,"SI",5,8,306000004
104100005,14,1041,"SI",6,07,306000005
104200006,15,1042,"SI",7,28,306000006
104100007,16,1041,"SI",6,28,306000007
104200008,17,1042,"SI",6,79,306000008
105600009,18,1056,"SI",6,65,306000009
104200010,19,1042,"SI",7,06,306000010
104100011,20,1041,"SI",6,8,306000011
104300012,21,1043,"SI",6,68,306000012
104300013,22,1043,"SI",5,3,306000013
105600014,23,1056,"SI",6,31,306000014
107300015,24,1073,"SI",7,61,306000015
104100016,25,1041,"SI",8,34,306000016
104100017,26,1041,"SI",6,13,306000017
104100018,27,1041,"SI",6,69,306000018
104100019,28,1041,"SI",0,306000019
104200020,29,1042,"SI",5,92,306000020
104100021,30,1041,"SI",6,63,306000021
104200022,31,1042,"SI",5,8,306000022
104200023,32,1042,"SI",7,68,306000023
104100024,33,1041,"SI",6,28,306000024
105600025,34,1056,"SI",5,63,306000025
104100026,35,1041,"SI",6,62,306000026
105600027,36,1056,"SI",6,6,306000027
104200028,37,1042,"SI",6,25,306000028
105600029,38,1056,"SI",6,01,306000029
104300030,39,1043,"SI",7,306000030
104200031,40,1042,"SI",5,47,306000031
104300032,41,1043,"SI",0,306000032
104100033,42,1041,"SI",5,85,306000033
104300034,43,1043,"SI",0,306000034
104300035,44,1043,"SI",5,5,306000035
104100036,45,1041,"SI",6,36,306000036
104100037,46,1041,"SI",6,18,306000037
104100038,47,1041,"SI",5,88,306000038
104200039,48,1042,"SI",6,47,306000039
105600040,49,1056,"SI",6,91,306000040
104100041,50,1041,"SI",6,28,306000041
104200042,51,1042,"SI",6,05,306000042
104100043,52,1041,"SI",6,15,306000043
104100044,53,1041,"SI",6,83,306000044
104300045,54,1043,"SI",5,65,306000045
104200046,55,1042,"SI",7,93,306000046
104100047,56,1041,"SI",5,87,306000047
104100048,57,1041,"SI",5,13,306000048
104100049,58,1041,"SI",7,3,306000049
104100050,59,1041,"SI",6,66,306000050
105600051,60,1056,"SI",7,06,306000051
104100052,61,1041,"SI",7,33,306000052
104200053,62,1042,"SI",6,51,306000053
104200054,63,1042,"SI",6,77,306000054
104300055,64,1043,"SI",5,88,306000055
105600056,65,1056,"SI",6,15,306000056
105600057,66,1056,"SI",6,56,306000057
104200058,67,1042,"SI",7,54,306000058
104300059,68,1043,"SI",0,306000059
104300060,69,1043,"SI",7,2,306000060
104100061,70,1041,"SI",7,15,306000061
104100062,71,1041,"SI",6,61,306000062
104100063,72,1041,"SI",6,5,306000063
104200064,73,1042,"SI",6,97,306000064
104200065,74,1042,"SI",8,37,306000065
104100066,75,1041,"SI",7,22,306000066
104200067,76,1042,"SI",7,83,306000067
104200068,77,1042,"SI",6,28,306000068
104100069,78,1041,"SI",6,77,306000069
104100070,79,1041,"SI",5,83,306000070
105600071,80,1056,"SI",6,53,306000071
105600072,81,1056,"SI",6,53,306000072
104200073,82,1042,"SI",6,74,306000073
105600074,83,1056,"SI",6,56,306000074
104200075,84,1042,"SI",6,74,306000075
104100076,85,1041,"SI",0,306000076
104100077,86,1041,"SI",5,63,306000077
104100078,87,1041,"SI",7,47,306000078
104200079,88,1042,"SI",7,85,306000079
105600080,89,1056,"SI",6,11,306000080
105600081,90,1056,"SI",6,33,306000081
104100082,91,1041,"SI",7,04,306000082
104200083,92,1042,"SI",6,8,306000083
104300084,93,1043,"SI",6,16,306000084
105600085,94,1056,"SI",7,94,306000085
104200086,95,1042,"SI",7,79,306000086
105600087,96,1056,"SI",6,57,306000087
104200088,97,1042,"SI",7,75,306000088
104100089,98,1041,"SI",6,77,306000089
104200090,99,1042,"SI",8,23,306000090
107300091,100,1073,"SI",8,19,306000091
105600092,101,1056,"SI",6,6,306000092
105600093,102,1056,"SI",5,52,306000093
105600094,103,1056,"SI",6,52,306000094
104300095,104,1043,"SI",0,306000095
104100096,105,1041,"SI",7,24,306000096
104100097,106,1041,"SI",8,29,306000097
105600098,107,1056,"SI",5,5,306000098
105600099,108,1056,"SI",8,27,306000099
104100100,109,1041,"SI",7,64,306000100
105600101,110,1056,"SI",6,13,306000101
104300102,111,1043,"SI",6,16,306000102
104300103,112,1043,"SI",7,2,306000103
105600104,113,1056,"SI",6,11,306000104
104200105,114,1042,"SI",8,18,306000105
105600106,115,1056,"SI",6,3,306000106
104100107,116,1041,"SI",6,91,306000107
105600108,117,1056,"SI",5,65,306000108
104100109,118,1041,"SI",6,6,306000109
104100110,119,1041,"SI",5,7,306000110
104100111,120,1041,"SI",6,99,306000111
104200112,121,1042,"SI",5,75,306000112
105600113,122,1056,"SI",5,98,306000113
105600114,123,1056,"SI",6,79,306000114
104300115,124,1043,"SI",5,3,306000115
104200116,125,1042,"SI",7,52,306000116
105600117,126,1056,"SI",6,86,306000117
104200118,127,1042,"SI",6,77,306000118
104100119,128,1041,"SI",7,02,306000119
105600120,129,1056,"SI",6,19,306000120
104200121,130,1042,"SI",6,62,306000121
105600122,131,1056,"SI",6,74,306000122
104100123,132,1041,"SI",6,34,306000123
104200124,133,1042,"SI",6,63,306000124
104100125,134,1041,"SI",5,88,306000125
104100126,135,1041,"SI",6,83,306000126
105600127,136,1056,"SI",6,88,306000127
105600128,137,1056,"SI",7,5,306000128
104100129,138,1041,"SI",6,81,306000129
104200130,139,1042,"SI",6,24,306000130
104100131,140,1041,"SI",7,35,306000131
104300132,141,1043,"SI",6,62,306000132
104200133,142,1042,"SI",6,87,306000133
104100134,143,1041,"SI",7,88,306000134
105600135,144,1056,"SI",6,05,306000135
104300136,145,1043,"SI",6,3,306000136
104200137,146,1042,"SI",6,58,306000137
104200138,147,1042,"SI",6,81,306000138
104200139,148,1042,"SI",5,3,306000139
104200140,149,1042,"SI",6,78,306000140
105600141,150,1056,"SI",7,54,306000141
104100142,151,1041,"SI",5,306000142
105600143,152,1056,"SI",6,25,306000143
104100144,153,1041,"SI",8,07,306000144
105600145,154,1056,"SI",7,39,306000145
104100146,155,1041,"SI",6,02,306000146
104100147,156,1041,"SI",5,35,306000147
105600148,157,1056,"SI",6,11,306000148
105600149,158,1056,"SI",6,17,306000149
105600150,159,1056,"SI",6,59,306000150
104100151,160,1041,"SI",5,306000151
104200152,161,1042,"SI",7,63,306000152
104100153,162,1041,"SI",0,306000153
105600154,163,1056,"SI",6,43,306000154
104100155,164,1041,"SI",6,88,306000155
104300156,165,1043,"SI",6,59,306000156
104200157,166,1042,"SI",8,13,306000157
104200158,167,1042,"SI",6,77,306000158
104300159,168,1043,"SI",5,73,306000159
104100160,169,1041,"SI",7,57,306000160
104300161,170,1043,"SI",6,46,306000161
104100162,171,1041,"SI",6,55,306000162
104100163,172,1041,"SI",5,27,306000163
104100164,173,1041,"SI",6,95,306000164
104200165,174,1042,"SI",5,78,306000165
104200166,175,1042,"SI",6,73,306000166
104100167,176,1041,"SI",0,306000167
105600168,177,1056,"SI",7,33,306000168
105600169,178,1056,"SI",6,46,306000169
104100170,179,1041,"SI",5,306000170
104200171,180,1042,"SI",7,51,306000171
104200172,181,1042,"SI",7,55,306000172
104100173,182,1041,"SI",7,73,306000173
104100174,183,1041,"SI",6,17,306000174
104100175,184,1041,"SI",6,46,306000175
104200176,185,1042,"SI",7,57,306000176
104100177,186,1041,"SI",6,65,306000177
104200178,187,1042,"SI",7,37,306000178
105600179,188,1056,"SI",6,93,306000179
105600180,189,1056,"SI",7,13,306000180
104100181,190,1041,"SI",7,58,306000181
104100182,191,1041,"SI",0,306000182
104200183,192,1042,"SI",7,27,306000183
104100184,193,1041,"SI",7,34,306000184
104100185,194,1041,"SI",6,306000185
104200186,195,1042,"SI",6,89,306000186
104100187,196,1041,"SI",7,4,306000187
104200188,197,1042,"SI",5,6,306000188
104200189,198,1042,"SI",9,08,306000189
104300190,199,1043,"SI",6,22,306000190
104200191,200,1042,"SI",7,19,306000191
104100192,201,1041,"SI",6,65,306000192
105600193,202,1056,"SI",6,07,306000193
104100194,203,1041,"SI",0,306000194
104100195,204,1041,"SI",0,306000195
105600196,205,1056,"SI",5,7,306000196
104100197,206,1041,"SI",6,36,306000197
104200198,207,1042,"SI",5,75,306000198
104100199,208,1041,"SI",5,8,306000199
104100200,209,1041,"SI",7,45,306000200
104200201,210,1042,"SI",6,306000201
104100202,211,1041,"SI",8,14,306000202
105600203,212,1056,"SI",5,3,306000203
105600204,213,1056,"SI",6,58,306000204
104300205,214,1043,"SI",6,07,306000205
104100206,215,1041,"SI",0,306000206
104100207,216,1041,"SI",5,306000207
104200208,217,1042,"SI",7,09,306000208
104100209,218,1041,"SI",6,93,306000209
104100210,219,1041,"SI",6,64,306000210
104200211,220,1042,"SI",6,95,306000211
104200212,221,1042,"SI",7,59,306000212
104200213,222,1042,"SI",8,91,306000213
104300214,223,1043,"SI",5,306000214
104300215,224,1043,"SI",6,61,306000215
104100216,225,1041,"SI",6,07,306000216
104100217,226,1041,"SI",5,99,306000217
104200218,227,1042,"SI",6,62,306000218
104100219,228,1041,"SI",0,306000219
104100220,229,1041,"SI",5,3,306000220
104300221,230,1043,"SI",6,5,306000221
104100222,231,1041,"SI",0,306000222
104100223,232,1041,"SI",0,306000223
105600224,233,1056,"SI",7,2,306000224
104200225,234,1042,"SI",6,31,306000225
104100226,235,1041,"SI",6,85,306000226
104100227,236,1041,"SI",6,86,306000227
104200228,237,1042,"SI",6,71,306000228
104200229,238,1042,"SI",6,41,306000229
104100230,239,1041,"SI",6,66,306000230
104100231,240,1041,"SI",5,43,306000231
104100232,241,1041,"SI",7,31,306000232
104100233,242,1041,"SI",7,15,306000233
105600234,243,1056,"SI",6,39,306000234
105600235,244,1056,"SI",6,2,306000235
104200236,245,1042,"SI",7,38,306000236
104300237,246,1043,"SI",5,83,306000237
104200238,247,1042,"SI",8,3,306000238
104100239,248,1041,"SI",6,85,306000239
104200240,249,1042,"SI",6,66,306000240
104200241,250,1042,"SI",6,68,306000241
104100242,251,1041,"SI",6,66,306000242
104200243,252,1042,"SI",7,28,306000243
104200244,253,1042,"SI",6,95,306000244
107300245,254,1073,"SI",8,31,306000245
104100246,255,1041,"SI",6,2,306000246
104200247,256,1042,"SI",6,3,306000247
104100248,257,1041,"SI",7,77,306000248
105600249,258,1056,"SI",8,12,306000249
104100250,259,1041,"SI",6,63,306000250
104300251,260,1043,"SI",7,42,306000251
105600252,261,1056,"SI",6,4,306000252
104100253,262,1041,"SI",8,04,306000253
105600254,263,1056,"SI",6,2,306000254
104100255,264,1041,"SI",7,59,306000255
104300256,265,1043,"SI",0,306000256
104200257,266,1042,"SI",6,5,306000257
105600258,267,1056,"SI",5,306000258
104300259,268,1043,"SI",6,6,306000259
104100260,269,1041,"SI",7,21,306000260
104100261,270,1041,"SI",7,1,306000261
104100262,271,1041,"SI",6,95,306000262
105600263,272,1056,"SI",6,21,306000263
104100264,273,1041,"SI",6,47,306000264
104100265,274,1041,"SI",6,68,306000265
105600266,275,1056,"SI",6,51,306000266
105600267,276,1056,"SI",6,18,306000267
104200268,277,1042,"SI",0,306000268
105600269,278,1056,"SI",6,74,306000269
104100270,279,1041,"SI",8,26,306000270
104200271,280,1042,"SI",7,98,306000271
104100272,281,1041,"SI",7,02,306000272
104100273,282,1041,"SI",5,58,306000273
104200274,283,1042,"SI",6,52,306000274
104100275,284,1041,"SI",5,306000275
105600276,285,1056,"SI",5,5,306000276
104100277,286,1041,"SI",5,3,306000277
104200278,287,1042,"SI",5,9,306000278
104200279,288,1042,"SI",6,71,306000279
104200280,289,1042,"SI",7,01,306000280
104100281,290,1041,"SI",6,52,306000281
104300282,291,1043,"SI",5,7,306000282
105600283,292,1056,"SI",6,78,306000283
104300284,293,1043,"SI",6,36,306000284
105600285,294,1056,"SI",6,23,306000285
104200286,295,1042,"SI",6,82,306000286
105600287,296,1056,"SI",6,6,306000287
104300288,297,1043,"SI",5,2,306000288
104100289,298,1041,"SI",6,8,306000289
104100290,299,1041,"SI",6,55,306000290
104100291,300,1041,"SI",5,8,306000291
105600292,301,1056,"SI",6,51,306000292
104200293,302,1042,"SI",8,67,306000293
104100294,303,1041,"SI",0,306000294
105600295,304,1056,"SI",5,1,306000295
104300296,305,1043,"SI",6,94,306000296
104200297,306,1042,"SI",6,64,306000297
104200298,307,1042,"SI",8,04,306000298
104200299,308,1042,"SI",7,71,306000299
105600300,309,1056,"SI",5,65,306000300
104100301,310,1041,"SI",6,36,306000301
104100302,311,1041,"SI",5,87,306000302
104100303,312,1041,"SI",6,17,306000303
104300304,313,1043,"SI",6,35,306000304
105600305,314,1056,"SI",7,12,306000305
105600306,315,1056,"SI",6,43,306000306
104100307,316,1041,"SI",5,95,306000307
104100308,317,1041,"SI",6,23,306000308
105600309,318,1056,"SI",6,49,306000309
105600310,319,1056,"SI",6,08,306000310
104100311,320,1041,"SI",6,54,306000311
105600312,321,1056,"SI",5,25,306000312
104100313,322,1041,"SI",6,67,306000313
104300314,323,1043,"SI",8,5,306000314
104100315,324,1041,"SI",6,06,306000315
105600316,325,1056,"SI",6,93,306000316
104100317,326,1041,"SI",6,57,306000317
104100318,327,1041,"SI",6,03,306000318
104200319,328,1042,"SI",7,29,306000319
104200320,329,1042,"SI",9,17,306000320
104100321,330,1041,"SI",6,59,306000321
104300322,331,1043,"SI",6,38,306000322
105600323,332,1056,"SI",6,06,306000323
104100324,333,1041,"SI",6,16,306000324
105600325,334,1056,"SI",6,33,306000325
104200326,335,1042,"SI",7,41,306000326
105600327,336,1056,"SI",6,5,306000327
104100328,337,1041,"SI",6,61,306000328
105600329,338,1056,"SI",6,76,306000329
105600330,339,1056,"SI",6,71,306000330
104100331,340,1041,"SI",7,26,306000331
104200332,341,1042,"SI",6,2,306000332
104100333,342,1041,"SI",6,87,306000333
104200334,343,1042,"SI",7,29,306000334
104200335,344,1042,"SI",6,68,306000335
105600336,345,1056,"SI",8,46,306000336
104100337,346,1041,"SI",6,33,306000337
104300338,347,1043,"SI",5,84,306000338
105600339,348,1056,"SI",7,23,306000339
104100340,349,1041,"SI",7,66,306000340
104200341,350,1042,"SI",6,77,306000341
104200342,351,1042,"SI",6,97,306000342
104100343,352,1041,"SI",7,44,306000343
104100344,353,1041,"SI",6,28,306000344
104100345,354,1041,"SI",6,64,306000345
104200346,355,1042,"SI",6,37,306000346
104100347,356,1041,"SI",7,52,306000347
104100348,357,1041,"SI",7,18,306000348
104100349,358,1041,"SI",6,63,306000349
105600350,359,1056,"SI",7,65,306000350
104200351,360,1042,"SI",6,82,306000351
104100352,361,1041,"SI",7,2,306000352
104100353,362,1041,"SI",7,16,306000353
104200354,363,1042,"SI",8,19,306000354
104300355,364,1043,"SI",5,76,306000355
104200356,365,1042,"SI",5,99,306000356
105600357,366,1056,"SI",6,27,306000357
104200358,367,1042,"SI",7,44,306000358
104100359,368,1041,"SI",5,55,306000359
104200360,369,1042,"SI",6,75,306000360
104100361,370,1041,"SI",6,94,306000361
104300362,371,1043,"SI",6,34,306000362
104100363,372,1041,"SI",7,35,306000363
104300364,373,1043,"SI",6,95,306000364
105600365,374,1056,"SI",6,63,306000365
104200366,375,1042,"SI",6,78,306000366
104100367,376,1041,"SI",6,03,306000367
104100368,377,1041,"SI",6,28,306000368
105600369,378,1056,"SI",6,42,306000369
104100370,379,1041,"SI",6,73,306000370
105600371,380,1056,"SI",6,49,306000371
104200372,381,1042,"SI",6,35,306000372
104300373,382,1043,"SI",7,08,306000373
104100374,383,1041,"SI",7,05,306000374
104100375,384,1041,"SI",8,47,306000375
104100376,385,1041,"SI",5,306000376
104200377,386,1042,"SI",6,13,306000377
104100378,387,1041,"SI",6,25,306000378
104200379,388,1042,"SI",7,48,306000379
104100380,389,1041,"SI",7,2,306000380
105600381,390,1056,"SI",6,68,306000381
104100382,391,1041,"SI",8,06,306000382
104100383,392,1041,"SI",0,306000383
104100384,393,1041,"SI",0,306000384
104300385,394,1043,"SI",7,28,306000385
104300386,395,1043,"SI",7,24,306000386
105600387,396,1056,"SI",6,22,306000387
104300388,397,1043,"SI",6,56,306000388
104100389,398,1041,"SI",6,43,306000389
105600390,399,1056,"SI",6,51,306000390
104200391,400,1042,"SI",6,65,306000391
104100392,401,1041,"SI",6,52,306000392
104200393,402,1042,"SI",6,9,306000393
104100394,403,1041,"SI",6,37,306000394
104300395,404,1043,"SI",6,33,306000395
105600396,405,1056,"SI",5,9,306000396
105600397,406,1056,"SI",5,05,306000397
107300398,407,1073,"SI",7,6,306000398
104200399,408,1042,"SI",6,46,306000399
105600400,409,1056,"SI",0,306000400
104100401,410,1041,"SI",6,48,306000401
104100402,411,1041,"SI",6,95,306000402
104200403,412,1042,"SI",7,57,306000403
104100404,413,1041,"SI",0,306000404
107300405,414,1073,"SI",7,22,306000405
105600406,415,1056,"SI",6,88,306000406
104100407,416,1041,"SI",6,77,306000407
104100408,417,1041,"SI",6,65,306000408
104100409,418,1041,"SI",7,64,306000409
104100410,419,1041,"SI",5,306000410
104100411,420,1041,"SI",8,96,306000411
104200412,421,1042,"SI",7,25,306000412
105600413,422,1056,"SI",6,47,306000413
104100414,423,1041,"SI",5,7,306000414
104300415,424,1043,"SI",6,4,306000415
104300416,425,1043,"SI",5,4,306000416
107300417,426,1073,"SI",7,98,306000417
104200418,427,1042,"SI",6,79,306000418
105600419,428,1056,"SI",8,78,306000419
104200420,429,1042,"SI",6,85,306000420
104200421,430,1042,"SI",6,2,306000421
104200422,431,1042,"SI",6,75,306000422
104200423,432,1042,"SI",7,85,306000423
105600424,433,1056,"SI",6,13,306000424
105600425,434,1056,"SI",7,26,306000425
104200426,435,1042,"SI",7,13,306000426
104100427,436,1041,"SI",7,03,306000427
104200428,437,1042,"SI",6,98,306000428
104200429,438,1042,"SI",7,29,306000429
104100430,439,1041,"SI",6,01,306000430
104200431,440,1042,"SI",6,3,306000431
104100432,441,1041,"SI",0,306000432
104100433,442,1041,"SI",5,6,306000433
105600434,443,1056,"SI",6,69,306000434
104300435,444,1043,"SI",7,07,306000435
104200436,445,1042,"SI",7,31,306000436
104100437,446,1041,"SI",0,306000437
104100438,447,1041,"SI",7,03,306000438
104100439,448,1041,"SI",6,17,306000439
104100440,449,1041,"SI",7,03,306000440
104200441,450,1042,"SI",6,97,306000441
104200442,451,1042,"SI",7,21,306000442
105600443,452,1056,"SI",5,7,306000443
104200444,453,1042,"SI",7,63,306000444
105600445,454,1056,"SI",7,23,306000445
104200446,455,1042,"SI",7,3,306000446
104100447,456,1041,"SI",5,7,306000447
107300448,457,1073,"SI",7,33,306000448
104100449,458,1041,"SI",6,72,306000449
104300450,459,1043,"SI",0,306000450
104100451,460,1041,"SI",6,83,306000451
104100452,461,1041,"SI",7,32,306000452
104100453,462,1041,"SI",6,18,306000453
105600454,463,1056,"SI",5,7,306000454
105600455,464,1056,"SI",5,8,306000455
104100456,465,1041,"SI",7,04,306000456
104100457,466,1041,"SI",6,79,306000457
104100458,467,1041,"SI",7,55,306000458
104200459,468,1042,"SI",6,78,306000459
104100460,469,1041,"SI",9,8,306000460
104200461,470,1042,"SI",6,35,306000461
104100462,471,1041,"SI",5,97,306000462
104100463,472,1041,"SI",5,306000463
107300464,473,1073,"SI",8,17,306000464
104100465,474,1041,"SI",6,94,306000465
104200466,475,1042,"SI",6,306000466
104100467,476,1041,"SI",6,17,306000467
104200468,477,1042,"SI",5,98,306000468
105600469,478,1056,"SI",6,3,306000469
104100470,479,1041,"SI",6,24,306000470
104100471,480,1041,"SI",6,16,306000471
104200472,481,1042,"SI",7,86,306000472
104200473,482,1042,"SI",7,61,306000473
104200474,483,1042,"SI",6,85,306000474
104200475,484,1042,"SI",6,5,306000475
104200476,485,1042,"SI",6,83,306000476
104100477,486,1041,"SI",6,91,306000477
104200478,487,1042,"SI",7,15,306000478
104200479,488,1042,"SI",7,65,306000479
105600480,489,1056,"SI",8,28,306000480
104200481,490,1042,"SI",7,77,306000481
104100482,491,1041,"SI",0,306000482
104300483,492,1043,"SI",0,306000483
104200484,493,1042,"SI",5,9,306000484
104200485,494,1042,"SI",7,63,306000485
104100486,495,1041,"SI",0,306000486
104100487,496,1041,"SI",7,92,306000487
104200488,497,1042,"SI",6,35,306000488
104300489,498,1043,"SI",6,86,306000489
104100490,499,1041,"SI",8,81,306000490
104100491,500,1041,"SI",5,05,306000491
105600492,501,1056,"SI",5,96,306000492
104100493,502,1041,"SI",7,76,306000493
104300494,503,1043,"SI",6,21,306000494
105600495,504,1056,"SI",6,99,306000495
104100496,505,1041,"SI",6,76,306000496
104300497,506,1043,"SI",7,5,306000497
104100498,507,1041,"SI",6,78,306000498
104100499,508,1041,"SI",7,4,306000499
104100500,509,1041,"SI",6,83,306000500
107300501,510,1073,"SI",7,35,306000501
104100502,511,1041,"SI",6,65,306000502
104100503,512,1041,"SI",5,99,306000503
104200504,513,1042,"SI",5,77,306000504
104100505,514,1041,"SI",6,7,306000505
107300506,515,1073,"SI",6,67,306000506
105600507,516,1056,"SI",6,95,306000507
104100508,517,1041,"SI",6,07,306000508
104200509,518,1042,"SI",6,03,306000509
104200510,519,1042,"SI",6,4,306000510
104200511,520,1042,"SI",6,57,306000511
104100512,521,1041,"SI",7,4,306000512
104300513,522,1043,"SI",6,76,306000513
104300514,523,1043,"SI",6,74,306000514
104100515,524,1041,"SI",6,91,306000515
104300516,525,1043,"SI",7,29,306000516
104300517,526,1043,"SI",6,94,306000517
104200518,527,1042,"SI",9,01,306000518
104100519,528,1041,"SI",7,19,306000519
104200520,529,1042,"SI",7,31,306000520
104100521,530,1041,"SI",7,36,306000521
104100522,531,1041,"SI",0,306000522
105600523,532,1056,"SI",6,45,306000523
104200524,533,1042,"SI",6,05,306000524
104100525,534,1041,"SI",7,48,306000525
105600526,535,1056,"SI",5,92,306000526
104200527,536,1042,"SI",8,85,306000527
104100528,537,1041,"SI",7,3,306000528
104100529,538,1041,"SI",6,46,306000529
105600530,539,1056,"SI",7,03,306000530
104100531,540,1041,"SI",6,62,306000531
104200532,541,1042,"SI",7,2,306000532
104200533,542,1042,"SI",6,8,306000533
104200534,543,1042,"SI",7,22,306000534
104100535,544,1041,"SI",8,39,306000535
104200536,545,1042,"SI",5,77,306000536
104100537,546,1041,"SI",7,29,306000537
104200538,547,1042,"SI",7,2,306000538
104300539,548,1043,"SI",6,65,306000539
107300540,549,1073,"SI",7,86,306000540
104100541,550,1041,"SI",6,1,306000541
104100542,551,1041,"SI",6,09,306000542
104200543,552,1042,"SI",8,306000543
104100544,553,1041,"SI",0,306000544
104100545,554,1041,"SI",0,306000545
105600546,555,1056,"SI",7,78,306000546
104200547,556,1042,"SI",6,91,306000547
104100548,557,1041,"SI",8,306000548
105600549,558,1056,"SI",7,02,306000549
104100550,559,1041,"SI",6,77,306000550
104100551,560,1041,"SI",5,306000551
104200552,561,1042,"SI",7,45,306000552
104100553,562,1041,"SI",6,1,306000553
105600554,563,1056,"SI",6,38,306000554
104200555,564,1042,"SI",6,62,306000555
104300556,565,1043,"SI",6,5,306000556
104100557,566,1041,"SI",6,04,306000557
104100558,567,1041,"SI",0,306000558
104200559,568,1042,"SI",5,83,306000559
104200560,569,1042,"SI",7,38,306000560
107300561,570,1073,"SI",6,87,306000561
104300562,571,1043,"SI",6,48,306000562
104100563,572,1041,"SI",5,77,306000563
104200564,573,1042,"SI",5,54,306000564
104100565,574,1041,"SI",5,9,306000565
104100566,575,1041,"SI",7,48,306000566
104200567,576,1042,"SI",5,97,306000567
104200568,577,1042,"SI",7,11,306000568
105600569,578,1056,"SI",6,32,306000569
105600570,579,1056,"SI",5,85,306000570
105600571,580,1056,"SI",5,86,306000571
104100572,581,1041,"SI",7,09,306000572
105600573,582,1056,"SI",6,71,306000573
104300574,583,1043,"SI",6,22,306000574
104100575,584,1041,"SI",6,45,306000575
104100576,585,1041,"SI",5,21,306000576
104100577,586,1041,"SI",6,4,306000577
105600578,587,1056,"SI",6,3,306000578
104200579,588,1042,"SI",6,2,306000579
104200580,589,1042,"SI",7,05,306000580
104200581,590,1042,"SI",7,73,306000581
105600582,591,1056,"SI",6,306000582
105600583,592,1056,"SI",6,47,306000583
104100584,593,1041,"SI",7,38,306000584
104100585,594,1041,"SI",6,44,306000585
104100586,595,1041,"SI",7,26,306000586
104100587,596,1041,"SI",6,3,306000587
104100588,597,1041,"SI",7,78,306000588
104200589,598,1042,"SI",7,87,306000589
105600590,599,1056,"SI",7,2,306000590
104200591,600,1042,"SI",6,78,306000591
104200592,601,1042,"SI",8,67,306000592
104200593,602,1042,"SI",7,2,306000593
104100594,603,1041,"SI",7,29,306000594
105600595,604,1056,"SI",6,3,306000595
104200596,605,1042,"SI",6,78,306000596
104300597,606,1043,"SI",0,306000597
105600598,607,1056,"SI",6,36,306000598
104100599,608,1041,"SI",7,34,306000599
104100600,609,1041,"SI",6,3,306000600
104200601,610,1042,"SI",6,74,306000601
104100602,611,1041,"SI",5,65,306000602
104100603,612,1041,"SI",0,306000603
104100604,613,1041,"SI",5,5,306000604
104100605,614,1041,"SI",7,15,306000605
104200606,615,1042,"SI",7,33,306000606
104100607,616,1041,"SI",0,306000607
104100608,617,1041,"SI",6,4,306000608
104100609,618,1041,"SI",5,62,306000609
104200610,619,1042,"SI",6,73,306000610
104100611,620,1041,"SI",6,52,306000611
104100612,621,1041,"SI",0,306000612
104200613,622,1042,"SI",7,98,306000613
104200614,623,1042,"SI",6,02,306000614
104200615,624,1042,"SI",7,89,306000615
104100616,625,1041,"SI",6,79,306000616
104200617,626,1042,"SI",6,6,306000617
104200618,627,1042,"SI",6,5,306000618
104100619,628,1041,"SI",0,306000619
104200620,629,1042,"SI",7,306000620
104200621,630,1042,"SI",7,41,306000621
104200622,631,1042,"SI",6,7,306000622
104200623,632,1042,"SI",7,17,306000623
104100624,633,1041,"SI",6,4,306000624
104200625,634,1042,"SI",6,98,306000625
104100626,635,1041,"SI",6,64,306000626
104100627,636,1041,"SI",0,306000627
107300628,637,1073,"SI",7,05,306000628
104200629,638,1042,"SI",6,37,306000629
105600630,639,1056,"SI",8,53,306000630
104100631,640,1041,"SI",0,306000631
105600632,641,1056,"SI",7,306000632
105600633,642,1056,"SI",6,76,306000633
104300634,643,1043,"SI",5,306000634
104300635,644,1043,"SI",5,87,306000635
104100636,645,1041,"SI",7,02,306000636
104200637,646,1042,"SI",7,6,306000637
104100638,647,1041,"SI",6,66,306000638
104200639,648,1042,"SI",8,19,306000639
104100640,649,1041,"SI",0,306000640
104100641,650,1041,"SI",6,75,306000641
104100642,651,1041,"SI",5,81,306000642
104100643,652,1041,"SI",5,3,306000643
104100644,653,1041,"SI",6,71,306000644
104100645,654,1041,"SI",6,8,306000645
104100646,655,1041,"SI",0,306000646
104300862,871,1043,"SI",6,25,306000862
104200863,872,1042,"SI",6,43,306000863
105600864,873,1056,"SI",6,72,306000864
104200865,874,1042,"SI",0,306000865
104100866,875,1041,"SI",6,76,306000866
105600867,876,1056,"SI",6,79,306000867
104100868,877,1041,"SI",6,06,306000868
104100869,878,1041,"SI",8,05,306000869
104100870,879,1041,"SI",7,39,306000870
104100871,880,1041,"SI",7,59,306000871
104200872,881,1042,"SI",7,306000872
104100873,882,1041,"SI",5,54,306000873
104200874,883,1042,"SI",6,46,306000874
104200875,884,1042,"SI",6,25,306000875
105600876,885,1056,"SI",6,2,306000876
105600877,886,1056,"SI",6,26,306000877
104100878,887,1041,"SI",5,75,306000878
104300879,888,1043,"SI",6,09,306000879
104100880,889,1041,"SI",5,73,306000880
104100881,890,1041,"SI",6,97,306000881
104100882,891,1041,"SI",6,83,306000882
104300883,892,1043,"SI",6,29,306000883
105600884,893,1056,"SI",6,1,306000884
107300885,894,1073,"SI",7,47,306000885
104300886,895,1043,"SI",7,306000886
104100887,896,1041,"SI",6,95,306000887
104100888,897,1041,"SI",7,75,306000888
104100889,898,1041,"SI",7,88,306000889
104100890,899,1041,"SI",6,12,306000890
105600891,900,1056,"SI",5,93,306000891
104100892,901,1041,"SI",0,306000892
105600893,902,1056,"SI",6,93,306000893
104100894,903,1041,"SI",6,44,306000894
104100895,904,1041,"SI",0,306000895
104200896,905,1042,"SI",5,98,306000896
104300897,906,1043,"SI",7,1,306000897
104100898,907,1041,"SI",6,94,306000898
104200899,908,1042,"SI",7,17,306000899
104200900,909,1042,"SI",6,92,306000900
104200901,910,1042,"SI",0,306000901
104100902,911,1041,"SI",8,37,306000902
104100903,912,1041,"SI",7,61,306000903
104200904,913,1042,"SI",7,31,306000904
105600905,914,1056,"SI",6,33,306000905
105600906,915,1056,"SI",6,05,306000906
105600907,916,1056,"SI",6,74,306000907
104100908,917,1041,"SI",6,57,306000908
104100909,918,1041,"SI",6,16,306000909
104100910,919,1041,"SI",6,75,306000910
104100911,920,1041,"SI",7,03,306000911
104100912,921,1041,"SI",6,37,306000912
104300913,922,1043,"SI",6,28,306000913
104100914,923,1041,"SI",6,7,306000914
104100915,924,1041,"SI",6,56,306000915
104200916,925,1042,"SI",5,3,306000916
104300917,926,1043,"SI",6,71,306000917
104300918,927,1043,"SI",5,7,306000918
104300919,928,1043,"SI",6,49,306000919
104200920,929,1042,"SI",6,55,306000920
104200921,930,1042,"SI",6,75,306000921
105600922,931,1056,"SI",6,32,306000922
105600923,932,1056,"SI",6,23,306000923
105600924,933,1056,"SI",6,9,306000924
104300925,934,1043,"SI",0,306000925
105600926,935,1056,"SI",6,66,306000926
104100927,936,1041,"SI",5,48,306000927
104100928,937,1041,"SI",6,12,306000928
104200929,938,1042,"SI",6,63,306000929
105600930,939,1056,"SI",5,76,306000930
105600931,940,1056,"SI",6,25,306000931
104100932,941,1041,"SI",9,05,306000932
104100933,942,1041,"SI",5,81,306000933
104100934,943,1041,"SI",6,73,306000934
104200935,944,1042,"SI",6,32,306000935
104100936,945,1041,"SI",8,3,306000936
104200937,946,1042,"SI",7,35,306000937
105600938,947,1056,"SI",6,85,306000938
105600939,948,1056,"SI",6,57,306000939
104300940,949,1043,"SI",6,4,306000940
104100941,950,1041,"SI",6,63,306000941
105600942,951,1056,"SI",6,48,306000942
105600943,952,1056,"SI",6,5,306000943
104300944,953,1043,"SI",7,37,306000944
105600945,954,1056,"SI",6,55,306000945
104100946,955,1041,"SI",6,43,306000946
104300947,956,1043,"SI",5,3,306000947
104100948,957,1041,"SI",7,44,306000948
104100949,958,1041,"SI",5,4,306000949
104200950,959,1042,"SI",6,99,306000950
104100951,960,1041,"SI",6,58,306000951
104100952,961,1041,"SI",7,3,306000952
104200953,962,1042,"SI",6,54,306000953
104100954,963,1041,"SI",6,65,306000954
104100955,964,1041,"SI",7,17,306000955
104100956,965,1041,"SI",7,03,306000956
104300957,966,1043,"SI",7,07,306000957
104200958,967,1042,"SI",6,24,306000958
104100959,968,1041,"SI",5,2,306000959
104200960,969,1042,"SI",6,64,306000960
104100961,970,1041,"SI",7,42,306000961
105600962,971,1056,"SI",8,25,306000962
105600963,972,1056,"SI",5,65,306000963
105600964,973,1056,"SI",5,65,306000964
104100965,974,1041,"SI",6,51,306000965
104100966,975,1041,"SI",6,94,306000966
105600967,976,1056,"SI",6,49,306000967
104100968,977,1041,"SI",7,31,306000968
107300969,978,1073,"SI",7,1,306000969
104200970,979,1042,"SI",8,16,306000970
104200971,980,1042,"SI",6,77,306000971
104200972,981,1042,"SI",7,39,306000972
104100973,982,1041,"SI",6,98,306000973
104100974,983,1041,"SI",6,54,306000974
104100975,984,1041,"SI",7,71,306000975
104100976,985,1041,"SI",5,75,306000976
105600977,986,1056,"SI",5,88,306000977
104100978,987,1041,"SI",6,24,306000978
104100979,988,1041,"SI",7,45,306000979
104100980,989,1041,"SI",8,73,306000980
104100981,990,1041,"SI",7,01,306000981
104100982,991,1041,"SI",7,78,306000982
104100983,992,1041,"SI",6,74,306000983
104200984,993,1042,"SI",6,306000984
104200985,994,1042,"SI",7,86,306000985
104100986,995,1041,"SI",7,24,306000986
104200987,996,1042,"SI",8,37,306000987
104100988,997,1041,"SI",5,2,306000988
105600989,998,1056,"SI",6,58,306000989
105600990,999,1056,"SI",5,95,306000990
104100991,1000,1041,"SI",0,306000991
105600992,1001,1056,"SI",5,94,306000992
104200993,1002,1042,"SI",7,14,306000993
105600994,1003,1056,"SI",6,5,306000994
104100995,1004,1041,"SI",0,306000995
104200996,1005,1042,"SI",6,57,306000996
104200997,1006,1042,"SI",6,22,306000997
104200998,1007,1042,"SI",6,83,306000998
104100999,1008,1041,"SI",6,83,306000999
104101000,1009,1041,"SI",7,42,306001000
104101001,1010,1041,"SI",5,96,306001001
104101002,1011,1041,"SI",6,51,306001002
104101003,1012,1041,"SI",6,37,306001003
105601004,1013,1056,"SI",7,2,306001004
104101005,1014,1041,"SI",7,7,306001005
105601006,1015,1056,"SI",6,8,306001006
104101007,1016,1041,"SI",0,306001007
105601008,1017,1056,"SI",5,306001008
104101009,1018,1041,"SI",7,86,306001009
105601010,1019,1056,"SI",6,306001010
104201011,1020,1042,"SI",8,28,306001011
104101012,1021,1041,"SI",7,52,306001012
104101013,1022,1041,"SI",6,08,306001013
104101014,1023,1041,"SI",6,41,306001014
104101015,1024,1041,"SI",7,33,306001015
104101016,1025,1041,"SI",6,3,306001016
105601017,1026,1056,"SI",6,06,306001017
105601018,1027,1056,"SI",5,36,306001018
104101019,1028,1041,"SI",6,49,306001019
104101020,1029,1041,"SI",5,92,306001020
105601021,1030,1056,"SI",5,9,306001021
104101022,1031,1041,"SI",6,36,306001022
104301023,1032,1043,"SI",5,9,306001023
104201024,1033,1042,"SI",7,35,306001024
104201025,1034,1042,"SI",7,05,306001025
104301026,1035,1043,"SI",0,306001026
105601027,1036,1056,"SI",6,3,306001027
105601028,1037,1056,"SI",6,66,306001028
105601029,1038,1056,"SI",6,58,306001029
104101030,1039,1041,"SI",6,41,306001030
104101031,1040,1041,"SI",7,2,306001031
104101032,1041,1041,"SI",0,306001032
104101033,1042,1041,"SI",6,55,306001033
105601034,1043,1056,"SI",6,72,306001034
104301035,1044,1043,"SI",6,95,306001035
104101036,1045,1041,"SI",7,01,306001036
105601037,1046,1056,"SI",7,37,306001037
104301038,1047,1043,"SI",6,36,306001038
105601039,1048,1056,"SI",6,71,306001039
104101040,1049,1041,"SI",6,79,306001040
105601041,1050,1056,"SI",0,306001041
105601042,1051,1056,"SI",6,19,306001042
104101043,1052,1041,"SI",0,306001043
104201044,1053,1042,"SI",7,92,306001044
104201045,1054,1042,"SI",7,4,306001045
104101046,1055,1041,"SI",6,76,306001046
104301047,1056,1043,"SI",5,6,306001047
104101048,1057,1041,"SI",5,8,306001048
104301049,1058,1043,"SI",6,97,306001049
104201050,1059,1042,"SI",6,39,306001050
104101051,1060,1041,"SI",6,65,306001051
104101052,1061,1041,"SI",6,9,306001052
104301053,1062,1043,"SI",7,08,306001053
104301054,1063,1043,"SI",5,77,306001054
104201055,1064,1042,"SI",6,5,306001055
105601056,1065,1056,"SI",6,19,306001056
104301057,1066,1043,"SI",7,306001057
104101058,1067,1041,"SI",6,48,306001058
105601059,1068,1056,"SI",6,83,306001059
104101060,1069,1041,"SI",6,51,306001060
105601061,1070,1056,"SI",6,71,306001061
104201062,1071,1042,"SI",7,93,306001062
105601063,1072,1056,"SI",6,61,306001063
104101064,1073,1041,"SI",7,68,306001064
104301065,1074,1043,"SI",5,91,306001065
105601066,1075,1056,"SI",6,95,306001066
104101067,1076,1041,"SI",7,47,306001067
105601068,1077,1056,"SI",6,44,306001068
104101069,1078,1041,"SI",7,64,306001069
104301070,1079,1043,"SI",6,5,306001070
104201071,1080,1042,"SI",7,12,306001071
104101072,1081,1041,"SI",6,88,306001072
104201073,1082,1042,"SI",7,17,306001073
104101074,1083,1041,"SI",6,81,306001074
104101075,1084,1041,"SI",6,93,306001075
104201506,1515,1042,"SI",5,76,306001506
104201507,1516,1042,"SI",7,29,306001507
104101508,1517,1041,"SI",6,88,306001508
105601076,1085,1056,"SI",6,32,306001076
104101077,1086,1041,"SI",6,48,306001077
104201078,1087,1042,"SI",6,28,306001078
104101079,1088,1041,"SI",6,45,306001079
104101080,1089,1041,"SI",5,306001080
104101081,1090,1041,"SI",6,22,306001081
104201082,1091,1042,"SI",7,83,306001082
105601083,1092,1056,"SI",6,47,306001083
104101084,1093,1041,"SI",7,2,306001084
105601085,1094,1056,"SI",6,59,306001085
104101086,1095,1041,"SI",8,306001086
104301087,1096,1043,"SI",0,306001087
104101088,1097,1041,"SI",6,44,306001088
107301089,1098,1073,"SI",8,58,306001089
104101090,1099,1041,"SI",6,64,306001090
105601091,1100,1056,"SI",6,78,306001091
107301092,1101,1073,"SI",7,3,306001092
104201093,1102,1042,"SI",6,37,306001093
107301094,1103,1073,"SI",6,37,306001094
104201095,1104,1042,"SI",6,83,306001095
105601096,1105,1056,"SI",0,306001096
104101097,1106,1041,"SI",7,44,306001097
104301098,1107,1043,"SI",0,306001098
104301099,1108,1043,"SI",0,306001099
105601100,1109,1056,"SI",5,6,306001100
104101101,1110,1041,"SI",0,306001101
104301102,1111,1043,"SI",5,88,306001102
104101103,1112,1041,"SI",6,63,306001103
107301104,1113,1073,"SI",8,306001104
104101105,1114,1041,"SI",7,32,306001105
104101106,1115,1041,"SI",7,07,306001106
104101107,1116,1041,"SI",7,54,306001107
105601108,1117,1056,"SI",7,06,306001108
104201109,1118,1042,"SI",8,53,306001109
104201110,1119,1042,"SI",6,81,306001110
104201111,1120,1042,"SI",7,29,306001111
107301112,1121,1073,"SI",9,5,306001112
104101113,1122,1041,"SI",0,306001113
105601114,1123,1056,"SI",6,8,306001114
105601115,1124,1056,"SI",6,66,306001115
104301116,1125,1043,"SI",5,8,306001116
104101117,1126,1041,"SI",8,78,306001117
104301118,1127,1043,"SI",6,2,306001118
104201119,1128,1042,"SI",9,12,306001119
105601120,1129,1056,"SI",6,306001120
105601121,1130,1056,"SI",8,11,306001121
104201122,1131,1042,"SI",6,96,306001122
104201123,1132,1042,"SI",6,62,306001123
104201124,1133,1042,"SI",7,05,306001124
104201125,1134,1042,"SI",6,49,306001125
104201126,1135,1042,"SI",6,07,306001126
104101127,1136,1041,"SI",5,84,306001127
104101128,1137,1041,"SI",8,5,306001128
104101129,1138,1041,"SI",6,67,306001129
105601130,1139,1056,"SI",8,22,306001130
104101131,1140,1041,"SI",7,15,306001131
104101132,1141,1041,"SI",0,306001132
104201133,1142,1042,"SI",7,79,306001133
104101134,1143,1041,"SI",5,71,306001134
104101135,1144,1041,"SI",6,2,306001135
104301136,1145,1043,"SI",6,45,306001136
104101137,1146,1041,"SI",5,97,306001137
104201138,1147,1042,"SI",5,4,306001138
104201139,1148,1042,"SI",6,1,306001139
104201140,1149,1042,"SI",8,03,306001140
105601141,1150,1056,"SI",6,07,306001141
104301142,1151,1043,"SI",6,55,306001142
104301143,1152,1043,"SI",6,28,306001143
104101144,1153,1041,"SI",5,91,306001144
105601145,1154,1056,"SI",5,96,306001145
104101146,1155,1041,"SI",6,61,306001146
104301147,1156,1043,"SI",5,53,306001147
104101148,1157,1041,"SI",6,33,306001148
104301149,1158,1043,"SI",7,2,306001149
105601150,1159,1056,"SI",7,17,306001150
105601151,1160,1056,"SI",7,15,306001151
104301152,1161,1043,"SI",5,2,306001152
104101153,1162,1041,"SI",5,91,306001153
105601154,1163,1056,"SI",5,97,306001154
105601155,1164,1056,"SI",0,306001155
104201156,1165,1042,"SI",8,81,306001156
104101157,1166,1041,"SI",7,39,306001157
107301158,1167,1073,"SI",6,97,306001158
104201159,1168,1042,"SI",5,86,306001159
104101160,1169,1041,"SI",6,16,306001160
105601161,1170,1056,"SI",6,26,306001161
104101162,1171,1041,"SI",6,61,306001162
104201163,1172,1042,"SI",6,58,306001163
104101164,1173,1041,"SI",6,38,306001164
104301165,1174,1043,"SI",6,35,306001165
104301166,1175,1043,"SI",7,48,306001166
105601167,1176,1056,"SI",6,41,306001167
107301168,1177,1073,"SI",7,17,306001168
104101169,1178,1041,"SI",8,19,306001169
104301170,1179,1043,"SI",0,306001170
104201171,1180,1042,"SI",7,46,306001171
107301172,1181,1073,"SI",8,56,306001172
104101173,1182,1041,"SI",5,23,306001173
104101174,1183,1041,"SI",6,7,306001174
104301175,1184,1043,"SI",5,94,306001175
104201176,1185,1042,"SI",6,93,306001176
104101177,1186,1041,"SI",5,1,306001177
104301178,1187,1043,"SI",7,09,306001178
104301179,1188,1043,"SI",5,95,306001179
104201180,1189,1042,"SI",6,03,306001180
105601181,1190,1056,"SI",6,24,306001181
104201182,1191,1042,"SI",7,33,306001182
104101183,1192,1041,"SI",6,92,306001183
104101184,1193,1041,"SI",6,67,306001184
105601185,1194,1056,"SI",6,94,306001185
107301186,1195,1073,"SI",7,66,306001186
104101187,1196,1041,"SI",6,31,306001187
104201188,1197,1042,"SI",6,03,306001188
104301189,1198,1043,"SI",5,55,306001189
104101190,1199,1041,"SI",6,4,306001190
104101191,1200,1041,"SI",6,2,306001191
104301192,1201,1043,"SI",6,23,306001192
104301193,1202,1043,"SI",7,6,306001193
104101194,1203,1041,"SI",5,306001194
105601195,1204,1056,"SI",5,56,306001195
105601196,1205,1056,"SI",7,306001196
104101197,1206,1041,"SI",6,94,306001197
104301198,1207,1043,"SI",6,4,306001198
104201199,1208,1042,"SI",8,62,306001199
104101200,1209,1041,"SI",6,03,306001200
104101201,1210,1041,"SI",5,7,306001201
104101202,1211,1041,"SI",0,306001202
104101203,1212,1041,"SI",7,68,306001203
104301204,1213,1043,"SI",0,306001204
105601205,1214,1056,"SI",5,1,306001205
104301206,1215,1043,"SI",0,306001206
107301207,1216,1073,"SI",6,6,306001207
104101208,1217,1041,"SI",6,2,306001208
105601209,1218,1056,"SI",5,83,306001209
104101210,1219,1041,"SI",6,75,306001210
104101211,1220,1041,"SI",0,306001211
104101212,1221,1041,"SI",0,306001212
104201213,1222,1042,"SI",7,2,306001213
105601214,1223,1056,"SI",5,63,306001214
104201215,1224,1042,"SI",7,38,306001215
104101216,1225,1041,"SI",6,46,306001216
105601217,1226,1056,"SI",5,306001217
104301218,1227,1043,"SI",5,88,306001218
104201219,1228,1042,"SI",6,68,306001219
104101220,1229,1041,"SI",6,72,306001220
104301221,1230,1043,"SI",5,83,306001221
104201222,1231,1042,"SI",6,45,306001222
104101223,1232,1041,"SI",6,86,306001223
104201224,1233,1042,"SI",5,4,306001224
105601225,1234,1056,"SI",6,73,306001225
104101226,1235,1041,"SI",6,1,306001226
104101227,1236,1041,"SI",5,306001227
104201228,1237,1042,"SI",6,37,306001228
104201229,1238,1042,"SI",7,21,306001229
104101230,1239,1041,"SI",5,1,306001230
105601231,1240,1056,"SI",5,7,306001231
104101232,1241,1041,"SI",6,92,306001232
104201233,1242,1042,"SI",6,05,306001233
104201234,1243,1042,"SI",6,42,306001234
104201235,1244,1042,"SI",6,42,306001235
105601236,1245,1056,"SI",6,14,306001236
104201237,1246,1042,"SI",7,46,306001237
105601238,1247,1056,"SI",7,25,306001238
104201239,1248,1042,"SI",6,25,306001239
104101240,1249,1041,"SI",0,306001240
104201241,1250,1042,"SI",7,65,306001241
104101242,1251,1041,"SI",7,57,306001242
104101243,1252,1041,"SI",0,306001243
104201244,1253,1042,"SI",7,306001244
104201245,1254,1042,"SI",7,19,306001245
104201246,1255,1042,"SI",6,81,306001246
104201247,1256,1042,"SI",7,5,306001247
104201248,1257,1042,"SI",6,87,306001248
104101249,1258,1041,"SI",6,13,306001249
105601250,1259,1056,"SI",5,83,306001250
104101251,1260,1041,"SI",6,94,306001251
104201252,1261,1042,"SI",6,28,306001252
104201253,1262,1042,"SI",6,43,306001253
104201254,1263,1042,"SI",7,07,306001254
104101255,1264,1041,"SI",7,55,306001255
104201256,1265,1042,"SI",6,89,306001256
105601257,1266,1056,"SI",8,29,306001257
104101258,1267,1041,"SI",7,02,306001258
104201259,1268,1042,"SI",6,28,306001259
104101260,1269,1041,"SI",5,306001260
104201261,1270,1042,"SI",5,85,306001261
104301262,1271,1043,"SI",5,7,306001262
104301263,1272,1043,"SI",6,18,306001263
104101264,1273,1041,"SI",6,64,306001264
104101265,1274,1041,"SI",6,306001265
104101266,1275,1041,"SI",6,88,306001266
104201267,1276,1042,"SI",6,35,306001267
104301268,1277,1043,"SI",6,83,306001268
104301269,1278,1043,"SI",6,36,306001269
104101270,1279,1041,"SI",7,24,306001270
104101271,1280,1041,"SI",6,57,306001271
104101272,1281,1041,"SI",0,306001272
104201273,1282,1042,"SI",8,2,306001273
104101274,1283,1041,"SI",6,85,306001274
104201275,1284,1042,"SI",7,28,306001275
104101276,1285,1041,"SI",0,306001276
104201277,1286,1042,"SI",7,61,306001277
105601278,1287,1056,"SI",7,37,306001278
104101279,1288,1041,"SI",0,306001279
104201280,1289,1042,"SI",6,6,306001280
104201281,1290,1042,"SI",7,96,306001281
104101282,1291,1041,"SI",5,03,306001282
104101283,1292,1041,"SI",7,53,306001283
105601284,1293,1056,"SI",5,75,306001284
104101285,1294,1041,"SI",6,26,306001285
104201286,1295,1042,"SI",7,34,306001286
104101287,1296,1041,"SI",7,4,306001287
104201288,1297,1042,"SI",6,9,306001288
104201289,1298,1042,"SI",5,65,306001289
104101290,1299,1041,"SI",6,85,306001290
104201291,1300,1042,"SI",6,92,306001291
104301292,1301,1043,"SI",6,7,306001292
104101293,1302,1041,"SI",5,89,306001293
104201294,1303,1042,"SI",5,81,306001294
104201295,1304,1042,"SI",6,46,306001295
104301296,1305,1043,"SI",6,14,306001296
104201297,1306,1042,"SI",8,01,306001297
105601298,1307,1056,"SI",6,85,306001298
104201299,1308,1042,"SI",6,81,306001299
105601300,1309,1056,"SI",5,94,306001300
105601301,1310,1056,"SI",5,25,306001301
104201302,1311,1042,"SI",6,3,306001302
104201303,1312,1042,"SI",6,44,306001303
104101304,1313,1041,"SI",7,26,306001304
104201305,1314,1042,"SI",6,05,306001305
104101306,1315,1041,"SI",5,78,306001306
104301307,1316,1043,"SI",5,6,306001307
104101308,1317,1041,"SI",7,09,306001308
104101309,1318,1041,"SI",7,5,306001309
104201310,1319,1042,"SI",7,74,306001310
104301311,1320,1043,"SI",6,28,306001311
104201312,1321,1042,"SI",6,95,306001312
104301313,1322,1043,"SI",5,79,306001313
104201314,1323,1042,"SI",6,8,306001314
104101315,1324,1041,"SI",6,98,306001315
107301316,1325,1073,"SI",7,62,306001316
104101317,1326,1041,"SI",6,3,306001317
105601318,1327,1056,"SI",7,7,306001318
104101319,1328,1041,"SI",5,83,306001319
104101320,1329,1041,"SI",5,81,306001320
104101321,1330,1041,"SI",0,306001321
107301322,1331,1073,"SI",7,67,306001322
104101323,1332,1041,"SI",5,5,306001323
105601324,1333,1056,"SI",7,19,306001324
104101325,1334,1041,"SI",6,7,306001325
104201326,1335,1042,"SI",7,5,306001326
105601327,1336,1056,"SI",6,87,306001327
104101328,1337,1041,"SI",7,77,306001328
104201329,1338,1042,"SI",6,3,306001329
104301330,1339,1043,"SI",0,306001330
104101331,1340,1041,"SI",6,22,306001331
104301332,1341,1043,"SI",7,12,306001332
104201333,1342,1042,"SI",6,64,306001333
104201334,1343,1042,"SI",8,48,306001334
105601335,1344,1056,"SI",6,7,306001335
104201336,1345,1042,"SI",5,306001336
105601337,1346,1056,"SI",6,15,306001337
104101338,1347,1041,"SI",5,306001338
104101339,1348,1041,"SI",6,47,306001339
104201340,1349,1042,"SI",8,55,306001340
104201341,1350,1042,"SI",6,53,306001341
105601342,1351,1056,"SI",6,45,306001342
104201343,1352,1042,"SI",6,79,306001343
104101344,1353,1041,"SI",0,306001344
104101345,1354,1041,"SI",6,87,306001345
104101346,1355,1041,"SI",6,81,306001346
104101347,1356,1041,"SI",6,37,306001347
107301348,1357,1073,"SI",8,43,306001348
104201349,1358,1042,"SI",6,306001349
104101350,1359,1041,"SI",6,5,306001350
104301351,1360,1043,"SI",7,06,306001351
104201352,1361,1042,"SI",9,03,306001352
105601353,1362,1056,"SI",8,77,306001353
104301354,1363,1043,"SI",6,5,306001354
104201355,1364,1042,"SI",6,39,306001355
104201356,1365,1042,"SI",7,82,306001356
104101357,1366,1041,"SI",5,27,306001357
104201358,1367,1042,"SI",7,1,306001358
104301359,1368,1043,"SI",6,49,306001359
104101360,1369,1041,"SI",6,82,306001360
104201361,1370,1042,"SI",5,5,306001361
104101362,1371,1041,"SI",6,54,306001362
104301363,1372,1043,"SI",5,306001363
104101364,1373,1041,"SI",0,306001364
104201365,1374,1042,"SI",6,35,306001365
105601366,1375,1056,"SI",0,306001366
104201367,1376,1042,"SI",5,6,306001367
105601368,1377,1056,"SI",7,36,306001368
104201369,1378,1042,"SI",7,27,306001369
104201370,1379,1042,"SI",7,34,306001370
105601371,1380,1056,"SI",6,52,306001371
104301372,1381,1043,"SI",0,306001372
104101373,1382,1041,"SI",0,306001373
105601374,1383,1056,"SI",6,31,306001374
104201375,1384,1042,"SI",6,97,306001375
105601376,1385,1056,"SI",6,32,306001376
104301377,1386,1043,"SI",6,99,306001377
104101378,1387,1041,"SI",5,306001378
104201379,1388,1042,"SI",7,19,306001379
105601380,1389,1056,"SI",6,27,306001380
104301381,1390,1043,"SI",6,09,306001381
104101382,1391,1041,"SI",6,61,306001382
105601383,1392,1056,"SI",6,93,306001383
104101384,1393,1041,"SI",7,34,306001384
104201385,1394,1042,"SI",6,75,306001385
104201386,1395,1042,"SI",7,29,306001386
104101387,1396,1041,"SI",0,306001387
105601388,1397,1056,"SI",0,306001388
104101389,1398,1041,"SI",6,4,306001389
104201390,1399,1042,"SI",7,71,306001390
104201391,1400,1042,"SI",5,67,306001391
105601392,1401,1056,"SI",5,3,306001392
104101393,1402,1041,"SI",7,14,306001393
104101394,1403,1041,"SI",7,33,306001394
104101395,1404,1041,"SI",7,56,306001395
105601396,1405,1056,"SI",6,31,306001396
105601397,1406,1056,"SI",6,19,306001397
105601398,1407,1056,"SI",6,12,306001398
104101399,1408,1041,"SI",8,8,306001399
105601400,1409,1056,"SI",6,9,306001400
105601401,1410,1056,"SI",6,71,306001401
104201402,1411,1042,"SI",6,25,306001402
105601403,1412,1056,"SI",7,28,306001403
104101404,1413,1041,"SI",5,55,306001404
104201405,1414,1042,"SI",7,78,306001405
104101406,1415,1041,"SI",7,03,306001406
105601407,1416,1056,"SI",5,75,306001407
104201408,1417,1042,"SI",6,1,306001408
104101409,1418,1041,"SI",7,46,306001409
104301410,1419,1043,"SI",5,7,306001410
104201411,1420,1042,"SI",7,37,306001411
104101412,1421,1041,"SI",0,306001412
104201413,1422,1042,"SI",6,99,306001413
104101414,1423,1041,"SI",5,98,306001414
105601415,1424,1056,"SI",6,51,306001415
104101416,1425,1041,"SI",0,306001416
107301417,1426,1073,"SI",7,33,306001417
104101418,1427,1041,"SI",7,52,306001418
104101419,1428,1041,"SI",5,89,306001419
104101420,1429,1041,"SI",6,57,306001420
107301421,1430,1073,"SI",7,43,306001421
105601422,1431,1056,"SI",7,08,306001422
104301423,1432,1043,"SI",6,57,306001423
105601424,1433,1056,"SI",6,15,306001424
105601425,1434,1056,"SI",5,63,306001425
104101426,1435,1041,"SI",6,66,306001426
104301427,1436,1043,"SI",6,19,306001427
104101428,1437,1041,"SI",7,306001428
105601429,1438,1056,"SI",6,76,306001429
104301430,1439,1043,"SI",7,85,306001430
104101431,1440,1041,"SI",6,41,306001431
104101432,1441,1041,"SI",6,6,306001432
105601433,1442,1056,"SI",7,22,306001433
104101434,1443,1041,"SI",7,65,306001434
104201435,1444,1042,"SI",0,306001435
104301436,1445,1043,"SI",6,52,306001436
104201437,1446,1042,"SI",6,67,306001437
104101438,1447,1041,"SI",6,2,306001438
105601439,1448,1056,"SI",8,07,306001439
104201440,1449,1042,"SI",7,24,306001440
105601441,1450,1056,"SI",0,306001441
105601442,1451,1056,"SI",6,95,306001442
104101443,1452,1041,"SI",6,23,306001443
105601444,1453,1056,"SI",6,61,306001444
107301445,1454,1073,"SI",8,306001445
104101446,1455,1041,"SI",6,21,306001446
104101447,1456,1041,"SI",5,306001447
104301448,1457,1043,"SI",6,3,306001448
104101449,1458,1041,"SI",6,59,306001449
104301450,1459,1043,"SI",6,02,306001450
104101451,1460,1041,"SI",6,14,306001451
104101452,1461,1041,"SI",6,74,306001452
104101453,1462,1041,"SI",6,34,306001453
104101454,1463,1041,"SI",6,84,306001454
104301455,1464,1043,"SI",0,306001455
104201456,1465,1042,"SI",6,54,306001456
104201457,1466,1042,"SI",6,24,306001457
105601458,1467,1056,"SI",6,71,306001458
104101459,1468,1041,"SI",0,306001459
104101460,1469,1041,"SI",6,84,306001460
104201461,1470,1042,"SI",6,36,306001461
104201462,1471,1042,"SI",6,91,306001462
104301463,1472,1043,"SI",6,8,306001463
104101464,1473,1041,"SI",6,61,306001464
104201465,1474,1042,"SI",7,45,306001465
104201466,1475,1042,"SI",5,17,306001466
104101467,1476,1041,"SI",7,67,306001467
105601468,1477,1056,"SI",5,49,306001468
104201469,1478,1042,"SI",9,43,306001469
104101470,1479,1041,"SI",6,59,306001470
104101471,1480,1041,"SI",6,14,306001471
105601472,1481,1056,"SI",6,63,306001472
104201473,1482,1042,"SI",6,35,306001473
105601474,1483,1056,"SI",6,3,306001474
104101475,1484,1041,"SI",5,306001475
104201476,1485,1042,"SI",6,46,306001476
105601477,1486,1056,"SI",7,94,306001477
104301478,1487,1043,"SI",5,97,306001478
104101479,1488,1041,"SI",0,306001479
104101480,1489,1041,"SI",5,45,306001480
105601481,1490,1056,"SI",6,306001481
104101482,1491,1041,"SI",6,53,306001482
104301483,1492,1043,"SI",6,74,306001483
105601484,1493,1056,"SI",6,59,306001484
104201485,1494,1042,"SI",6,31,306001485
104101486,1495,1041,"SI",6,77,306001486
104101487,1496,1041,"SI",6,8,306001487
104101488,1497,1041,"SI",0,306001488
104201489,1498,1042,"SI",6,96,306001489
104101490,1499,1041,"SI",5,53,306001490
104101491,1500,1041,"SI",7,28,306001491
105601492,1501,1056,"SI",6,99,306001492
104201493,1502,1042,"SI",6,05,306001493
104301494,1503,1043,"SI",6,55,306001494
104201495,1504,1042,"SI",7,01,306001495
104201496,1505,1042,"SI",6,73,306001496
104101497,1506,1041,"SI",6,43,306001497
104201498,1507,1042,"SI",7,1,306001498
104101499,1508,1041,"SI",6,99,306001499
104201500,1509,1042,"SI",7,306001500
104101501,1510,1041,"SI",6,53,306001501
104101502,1511,1041,"SI",6,14,306001502
105601503,1512,1056,"SI",5,83,306001503
104201504,1513,1042,"SI",6,64,306001504
104301505,1514,1043,"SI",6,54,306001505
